LIEDNEYTARQG,P06241
SIFNSLYTTLSD,P09619
SIFDNLYTTLSD,P16234
LLQPNNYQFC,P07333
INGNNYVYIDP,P10721
NESVDYRATFP,P08581
GDYRE,Q04912
IRNTNEYTEGPT,O43597
DSFLQRYSSDP,P00533
KGDGGLYSSLPP,P08138
TLNSDGYTPEPA,P43403
RSPLFIF,O43521
ITPFTS,P42345
DSGIHS,P35222
RMKLPSP,Q15303
EEPQTVPEM,P05412
FEHLWSSL,O15350
FQHIWDFL,Q9H3D4
PFLTPSPE,P46531
IPCAAVSPN,Q13118
ADYRE,Q14247
RKFLSLA,P51955
RDELGGG,P38936
FSDLWKLL,P04637
LAPAAGDTIISLDF,Q16665
LLPTPPLS,P01106
AGSTS,P03372
ASSTT,P10275
ADVSST,Q9Y6Q9
RDNVYYYDEEG,P12830
RKALETL,Q07820
RKALGTV,O95997
RTPLASV,Q9UKT4
FTRIR,Q9UM11
DGETGE,Q14494
DEETGE,Q16236
LLTPPQS,P24864
DSGIES,O00221
DSGKGS,O95863
DSGRGS,P16471
DSGNYS,P17181
DSGICMS,P18848
DSGVETS,P19838
DSGLDS,P25963
DSGIDS,P98174
DSGLPS,Q12959
DSGLGS,Q15653
DSGRGDS,Q53EL6
DSGYNT,Q6PGQ7
DSGQGS,Q9HAW4
SEGSDDSGL,Q13127
ALSSS,P10071
NKENE,P30304
AKEND,Q16875
NKENK,Q86T82
RFALSQL,P42261
DPSTGE,Q13501
PTPPLS,P04198
SVEQTPKK,P46527
IPTACVRPT,P43146
APTAVVLPH,Q16633
RLCLPQV,P12757
RAPLSTL,P41134
FPPSPPSS,Q13887
KPAAVVAPI,Q9HB71
FEAQWAAL,P49757
ADSST,Q9UER7
RAALAVL,P20248
HRKHLQEIP,Q13309
RRVTDFFARRRP,Q9H211
PLISDFFAKRKRS,P49918
RKRLPVT,O00429
RRTLKMI,O75496
RGSLEGA,Q9P2P5
RSTLAEL,O60566
HLSLKDI,Q5FBB7
RLPLVPE,Q86WB0
RLPLAQV,Q96GD4
RKRLGDD,Q99741
RRGLILA,Q9BXS6
RENLQRK,Q9NQW6
PRTALGDIG,P14635
NRKPLTVLN,P53350
SRTPLTTLN,Q02363
DKENV,O43683
EKENE,Q15468
DKENM,Q8WWK9
SKENQ,Q12834
NKENC,P04183
EKENQ,Q15004
DKENG,Q6UVJ0
EKENL,Q9ULW0
AQRVLC,O14965
RNFLTEQ,Q15784
LTPPPS,P36956
RKKLVLE,Q96RU7
EKENH,Q14807
RKLTDFYPVRRS,Q9NQR1
NQETGE,O14920
RKSLSQK,Q15398
PTDVTAIHL,P30281
RAALDRL,Q99728
NKEND,P30307
DEQFVPDF,P41161
DEQFVPDY,P50549
LAPYISMDDDFQL,Q9Y2N7
LAPTPGDAIISLDF,Q99814
DKENQ,P24869
VKENL,Q08981
NKENA,P27895
QYLIR,P26309
ADSTT,O75367
ASSSS,P11308
EEIRRVPEF,O24646
EELLMVPDM,Q8W191
SFNSLQRVPSY,P14921
NDITNYYKVKRRP,Q27368
APVIV,P42260
EPEEPEADQH,Q96J92
ECEETEVDQH,Q9BYP7
VDNNTN,Q24306
IARRASLHRFLEKRKDRV,Q9LMA8
LARKASLARFLEKRKERV,Q9LVI4
PGTPPSS,P13051
AVEQTPRK,P49919
QIVGWPPVRSYRK,Q38822
QVVGWPPVRNYRK,Q38825
QVVGWPPIGLHRM,Q38830
DSGIIT,O97143
PPVAQVMPG,O75553
RPTAAVTPI,Q7Z6J0
PSSTS,P19538
