degron_seq,E3_sequences
ADSST,[]
ADSTT,[]
ADYRE,[]
AGSTS,[]
ALSSS,[]
AQRVLC,[]
ASSTT,[]
DEETGE,[]
DSFLQRYSSDP,[]
DSGIDS,[]
DSGIES,[]
DSGIHS,[]
DSGKGS,[]
DSGLGS,[]
DSGLPS,[]
DSGRGS,[]
DSGVETS,[]
EEIRRVPEF,[]
EEPQTVPEM,[]
EKENH,[]
EKENL,[]
EPEEPEADQH,[]
FEAQWAAL,[]
FEHLWSSL,[]
FQHIWDFL,[]
FSDLWKLL,[]
HLSLKDI,[]
IPTACVRPT,[]
IRNTNEYTEGPT,[]
KGDGGLYSSLPP,[]
LAPAAGDTIISLDF,[]
LARKASLARFLEKRKERV,[]
LIEDNEYTARQG,[]
LLPTPPLS,[]
LLTPPQS,[]
NESVDYRATFP,[]
NKENE,[]
NKENK,[]
NRKPLTVLN,[]
PFLTPSPE,[]
PLISDFFAKRKRS,[]
PPVAQVMPG,[]
PRTALGDIG,[]
PSSTS,[]
QVVGWPPIGLHRM,[]
QYLIR,[]
RDELGGG,[]
RKALETL,[]
RKFLSLA,[]
RKKLVLE,[]
RKRLGDD,[]
RKRLPVT,[]
RKSLSQK,[]
RLPLAQV,[]
RMKLPSP,[]
RRTLKMI,[]
RRVTDFFARRRP,[]
RSPLFIF,[]
RSTLAEL,[]
SEGSDDSGL,[]
SIFDNLYTTLSD,[]
SVEQTPKK,[]
VDNNTN,[]
